{"cameraMode":{"drawMode":0,"name":"Shaded","section":"Shading Mode"},"sceneLighting":true,"audioPlay":false,"sceneViewState":{"m_AlwaysRefresh":false,"showFog":true,"showSkybox":true,"showFlares":true,"showImageEffects":true,"showParticleSystems":true,"showVisualEffectGraphs":true,"m_FxEnabled":true},"in2DMode":false,"pivot":{"x":5.737124443054199,"y":30.624454498291017,"z":-10.150628089904786},"rotation":{"x":0.36500418186187746,"y":0.02818395011126995,"z":-0.011140752583742142,"w":0.9305567741394043},"size":0.00018191314302384853,"orthographic":false}